exit_entry_id,company_name,job_id,kind,author,former_role,published_at,relevance,summary,implication,source_url,status
"EXIT-NTT-001","NTTドコモ","JOB-NTT-GDS","exit_entry","野宮すず","営業部 営業戦略担当","2026-04-21","medium","会社・人・研修・リモート環境は好意的。一方、100枚超の会議資料や大人数会議が多く、仕事が誰に届き何が変わったかを実感しづらかった。","GDS004で実装・意思決定に直接持てる範囲、会議/資料作成比率、意思決定速度を確認する。","https://note.com/nomiya_suzu/n/n273129fcb334","verified"
"EXIT-NTT-002","NTTドコモ","JOB-NTT-GDS","exit_review","匿名","データサイエンティスト・在籍3〜5年未満","2025-06-18","very_high","検索公開部分でプロパー社員・管理職登用に関する記述を確認。本文はログイン制限のため退職理由全容は未確認。","職種一致のため、中途入社者の昇格・権限・評価制度を選考で確認する。","https://openmoney.jp/career_path_reports/M5bh2L/resignation_reason","limited"
"EXIT-BC-001","バフェットコード","JOB-BC-SDE","search_status","","","2026-10-06","unknown","信頼できる個人の退職エントリを公開検索では確認できず。会社レビュー投稿も非常に少ない。","面談でデータエンジニアの平均在籍期間、直近2年の退職人数・主な理由、属人化を確認する。","https://jobtalk.jp/companies/10079316","not_found"
"EXIT-SANSAN-001","Sansan","JOB-SANSAN-DM","exit_entry","yag-ays","DSOC R&D・機械学習エンジニア","2020-05-24","very_high","R&Dの人材密度、研究者・開発・インフラ・オペレーションの連携、教師データ作成環境を高く評価。約2年半在籍後、次の機会として転職。","データ組織・データ生成基盤の文化は強い正材料。現在のデータ戦略組織への継承を確認する。","https://yag-ays.github.io/article/ubie/","verified"
"EXIT-SANSAN-002","Sansan","JOB-SANSAN-DM","exit_entry","ばんくし","R&D・機械学習エンジニア","2017-09-30","very_high","技術環境、データ、インフラ、学習環境、会社を変えられる文化を高評価。一方、当時の給与テーブルへの不満も転職理由に含む。","技術面は正材料。給与制度の話は古いので、現在求人の固定残業込み下限を別途厳密に確認する。","https://vaaaaaanquish.hatenadiary.jp/entry/2017/09/30/202953","verified"
"EXIT-SANSAN-003","Sansan","JOB-SANSAN-DM","exit_entry","佐藤 恒","CPO室データアナリスト → UXリサーチ","2022-06-15","high","行動ログ分析、KPI設計、機能改善・新機能提案、中長期プロダクト戦略に関与。会社・同僚を好意的に評価し、起業のため退職。","データを意思決定へつなげる文化の正材料。現求人で基盤設計の所有権がどこまであるか確認する。","https://note.com/rips_gh/n/n734bd68c4bea","verified"
"EXIT-DMM-001","DMM.com","","exit_entry","YUKI SAITO","データエンジニア・チームリーダー/課長職","2021-10-31","very_high","社内データ基盤の作り直しに携わり、リーダー・管理職も経験。働きやすさを高く評価。退職理由は次のステップ、市場価値確認、より広いDX・データ活用経験。","現求人に非常に近い退職例。現在の技術的負債、裁量、グループ横断基盤の意思決定権を確認する。","https://note.com/yukinkoyuki/n/n1ebcbf270c9b","verified"
"EXIT-DMM-002","DMM.com","","exit_entry","kuwana-kb","Webディレクター → スクラムマスター → ユーザーレビュー基盤エンジニア","2019-08-11","high","尊敬するエンジニア2名の相次ぐ退職が転職を考える契機。心理的安全性や社内異動のしやすさは高評価。","古い事例だが、現在のデータ基盤部の定着率とキーパーソン依存を確認する。","https://kuwana-kb.hatenablog.com/entry/2019/08/11/230045","verified"
"EXIT-GMO-001","GMOあおぞらネット銀行","","exit_review","匿名","30代エンジニア・中途・退職済","2022","medium","IT企業らしいオフィス環境を評価する一方、人間関係に古い文化が残る、責任と報酬が釣り合わないと感じた旨の投稿。","職種完全一致ではなく古い口コミなので弱い材料。組織文化・評価制度を面談で確認する。","https://jobcatalog.yahoo.co.jp/company/1000003946/review/","verified"
"EXIT-GMO-002","GMOあおぞらネット銀行","","exit_review","匿名","アプリケーション設計・正社員","2026-01-14","medium","改革志向を好意的に評価し、退職は個人的事情で会社への大きな不満はなかったとする投稿。","否定的口コミだけに寄らず、現在の開発組織の評価制度・離職理由を直接確認する。","https://jobtalk.jp/companies/43103/answers?question_codes=leave","verified"
"EXIT-HERP-001","HERP","","exit_entry","aiko","バックエンドエンジニア → 組織改善EM → チームリード/EM","2026-02-27","high","約5年在籍。今後のキャリアを考え、本気で転職活動したいこと、HERPでは現時点で望む機会を十分提供できないことが理由。転職活動を事前に伝えても関係が変わらず心理的安全性を高く評価。","開発組織文化は強い正材料。データ専門性を伸ばすキャリアパスとリード後の選択肢を確認する。","https://note.com/acjustplay/n/n7535426b2216","verified"
"EXIT-SUMASATE-001","スマサテ","","search_status","","","2026-10-06","unknown","信頼できる元社員個人の退職エントリを公開検索では確認できず。公開口コミ自体も少ない。","開発チームの平均在籍期間、直近の退職者数・理由、キーパーソン依存を面談で確認する。","https://jobtalk.jp/companies/9163510","not_found"
